{"cluster_labels": ["cluster_0", "cluster_1", "cluster_2", "cluster_3", "cluster_4", "cluster_outliers"], "cluster_sizes": [1147, 2287, 617, 3873, 410, 4], "total_size": 8338, "num_names": ["CC.EST", "GE.EST", "PV.NO.SRC", "RL.EST", "VA.EST", "ccode", "duration_int", "end_date_parsed", "labor wage dispute", "land farm issue", "participants_category", "police brutality", "political behavior, process", "price increases, tax policy", "protesterviolence", "protestnumber", "removal of politician", "social restrictions", "start_date_parsed", "year"], "num_averages": [-0.19631768675941652, -0.04219338211801246, 7.609258815063565, -0.13862783881026647, -0.10807713823458646, 451.9418325737587, 2.900095946270089, 3593199666.490765, 0.13252578556008635, 0.04917246342048453, 3.676061405612857, 0.08239385943871431, 0.7187574958023507, 0.09222835212281122, 0.2589349964020149, 10.357759654593428, 0.1573518829455505, 0.05360997841208923, 3593035498.2010074, 2013.3895418565603], "num_std_devs": [0.9607779407003114, 0.9403139381927391, 1.2772619195812298, 0.9801459373025243, 0.923792455879334, 230.49722754735078, 20.295666813155005, 124808044.25195889, 0.3390818355185509, 0.21624093122711066, 1.7295920813098633, 0.2749803265484273, 0.44963252193395264, 0.2893653839748322, 0.43807611260233215, 15.101876274839404, 0.36415404975558646, 0.2252599260030542, 124811937.75862566, 3.943720182426819], "cluster_num_averages": [[-0.7517302828247607, -0.6388200115954664, 7.02615518744551, -0.7336577638186568, -0.6673335701830894, 493.2022667829119, 2.835222319093287, 3651444859.982563, 0.037489102005231034, 0.0, 4.265039232781168, 0.0, 0.6512641673931997, 0.041848299912816043, 0.30340017436791633, 14.262423714036617, 1.0, 0.006102877070619006, 3651286296.774194, 2015.2397558849173], [1.0097182153476136, 1.096398460122438, 8.414079580236118, 1.1253160193703655, 1.0372728101005566, 301.9156099693922, 2.416703104503717, 3587588824.4862266, 0.2606034105815479, 0.0, 4.14560559685177, 0.024486226497595104, 0.739833843463052, 0.15128989943156973, 0.18583296895496285, 10.04766069086139, 0.03716659379099257, 0.07083515522518584, 3587466421.3379974, 2013.192391779624], [-0.6848047212317675, -0.39521404359805645, 7.405186385737439, -0.59271168363047, -0.6685879828200955, 549.9546191247974, 1.886547811993517, 3610684986.7098866, 0.014586709886547812, 0.0, 3.2560777957860614, 1.0, 0.4181523500810373, 0.03241491085899514, 0.37763371150729336, 11.346839546191248, 0.11507293354943274, 0.017828200972447326, 3610608388.9789305, 2013.9189627228525], [-0.6883972949909618, -0.5104873659178888, 7.298993028659954, -0.6610705272398648, -0.5482740196746678, 510.5734572682675, 2.4487477407694294, 3574535691.402014, 0.11515620965659695, 0.0, 3.361993286857733, 0.0, 0.8128066098631552, 0.08959462948618642, 0.2687838884585593, 8.85979860573199, 0.0, 0.06713142266976505, 3574410519.5972114, 2012.8153885876582], [0.016559598292683123, 0.23151532878048714, 7.985365853658537, 0.09427497219512297, 0.07180799902438961, 470.6878048780488, 4.382926829268293, 3611291145.365854, 0.024390243902439025, 1.0, 3.0170731707317073, 0.03170731707317073, 0.35365853658536583, 0.014634146341463415, 0.2682926829268293, 13.848780487804879, 0.01951219512195122, 0.01707317073170732, 3610998860.487805, 2013.9512195121952], [-0.497498775, -0.1254492, 8.0, -0.14866975000000002, -0.353926575, 588.0, 739.25, 3619296000.0, 0.25, 0.0, 2.75, 0.25, 0.75, 0.5, 0.5, 8.0, 0.25, 0.0, 3555511200.0, 2012.25]], "cluster_num_std_devs": [[0.48723313600580354, 0.6196198888575838, 1.2446097899038437, 0.5422797750497198, 0.5983354672298361, 233.1006663611964, 14.755241533808668, 116760644.9854761, 0.1900398796527793, 0.0, 2.00466908595501, 0.0, 0.47677807826477825, 0.2003297491153412, 0.45992709350915045, 16.449722713971745, 0.0, 0.07791613975709549, 116868360.09619707, 3.6475465865310612], [0.7350041483838677, 0.5617389383861521, 0.7397200522454173, 0.5800015413450909, 0.3176463057215532, 154.07199790763173, 14.546691980255403, 127005895.99660471, 0.43905986379463446, 0.0, 1.8386957291408033, 0.15458686979582112, 0.4388210647697059, 0.35840959012596035, 0.38905688745635736, 10.716660339382841, 0.18921123693341696, 0.2566053927384776, 127007951.27635157, 4.023952106897232], [0.49849947032841796, 0.6740727311023149, 1.2092067027370577, 0.5842875472133795, 0.6984564804192882, 203.10055538961683, 6.061917845504736, 124952109.47380464, 0.11998863319420455, 0.0, 1.5602300177293378, 0.0, 0.4936556809125439, 0.1772430542977223, 0.4851886519206733, 17.02117552144035, 0.3193688523132866, 0.13243406708808644, 124953621.12084867, 3.927497992456636], [0.4516277128060573, 0.5737515665464605, 1.3378012977244231, 0.5242233496006145, 0.6166207344338329, 230.627428289868, 9.206173767680829, 120743736.17068288, 0.3192515825457254, 0.0, 1.50451158742313, 0.0, 0.3901170597229395, 0.28563700359440924, 0.44338456088507705, 15.378647778681948, 0.0, 0.2502817782402049, 120727485.00497389, 3.825446377838073], [1.0617929011684084, 0.8916006701495264, 1.0035538258966294, 0.9404957867573973, 0.9644530120308054, 232.2912241333073, 17.085208610693556, 117591240.05084595, 0.1544459104958412, 0.0, 1.3621503277595115, 0.1754338309496888, 0.47868889855705127, 0.12022996630186127, 0.44361210417247976, 22.24868471650151, 0.13848554282735367, 0.1297023845940538, 117546252.24486385, 3.7104967046498283], [0.4293469482138532, 0.3593578201035564, 1.1547005383792515, 0.5138800714337571, 1.1414524283713516, 170.4190912622957, 140.2292765438088, 48059684.49334639, 0.5, 0.0, 1.707825127659933, 0.5, 0.5, 0.5773502691896257, 0.5773502691896257, 4.760952285695233, 0.5, 0.0, 49428219.722745426, 1.5]], "cat_names": ["fiw_status", "region", "stateresponse1"], "levels": [["F", "PF", "NF"], ["Europe", "Africa", "Asia", "MENA", "South America", "North America", "Central America", "Oceania"], ["ignore", "crowd dispersal", "arrests", "accomodation", "shootings", "killings", "beatings", "unknown"]], "proportions": [[0.3863036699448309, 0.3830654833293356, 0.23063084672583353], [0.30858719117294314, 0.21683857040057566, 0.20976253298153033, 0.12197169585032382, 0.08191412808827057, 0.03681938114655793, 0.02254737347085632, 0.0015591268889421923], [0.5331014631806189, 0.2836411609498681, 0.06860158311345646, 0.059846485967858, 0.027824418325737586, 0.013792276325257856, 0.011753418085871912, 0.0014391940513312545]],