{
    "columns": [
        "RL.EST",
        "CC.EST",
        "year",
        "removal of politician",
        "social restrictions",
        "VA.EST",
        "price increases, tax policy",
        "PV.NO.SRC",
        "police brutality",
        "GE.EST",
        "labor wage dispute",
        "participants_category",
        "duration_int",
        "ccode",
        "political behavior, process",
        "protesterviolence",
        "protestnumber",
        "land farm issue"
    ],
    "shifts": [
        -0.13862783881026647,
        -0.19631768675941652,
        2013.3895418565603,
        0.1573518829455505,
        0.05360997841208923,
        -0.10807713823458646,
        0.09222835212281122,
        7.609258815063565,
        0.08239385943871431,
        -0.04219338211801246,
        0.13252578556008635,
        3.676061405612857,
        2.900095946270089,
        451.9418325737587,
        0.7187574958023507,
        0.2589349964020149,
        10.357759654593428,
        0.04917246342048453
    ],
    "inv_scales": [
        1.020256231181365,
        1.040823230465824,
        0.2535676857744601,
        2.7460905643399594,
        4.439316028126732,
        1.08249422652854,
        3.455838380747629,
        0.782924774213785,
        3.6366237997898665,
        1.0634746113856146,
        2.949140576848419,
        0.5781710096884087,
        0.04927160113565876,
        0.00433844697674106,
        2.2240384118542296,
        2.2827083496053566,
        0.06621693767058982,
        4.624471390893768
    ]
}