{
    "startedAt": 1641161152703,
    "gridSize": 24,
    "nThreads": 4,
    "nSplits": 5,
    "metric": "ROC_AUC",
    "timeout": null,
    "gridPoints": [
        {
            "finishedAt": 1641161164199,
            "score": 0.7330030825489624,
            "testScoreGibMean": 0.7330030825489624,
            "testScoreMean": 0.7330030825489624,
            "testScoreStd": 0.016138980852737753,
            "trainScoreMean": 0.8464613863787875,
            "trainScoreStd": 0.0023274614521750854,
            "time": 29325,
            "fitTimeMean": 3183.0,
            "fitTimeStd": 311.9205026925931,
            "scoreTimeMean": 2682.0,
            "scoreTimeStd": 235.3380547212881,
            "parameters": {
                "C": 0.1117117100877812,
                "penalty": "l1"
            }
        },
        {
            "finishedAt": 1641161165196,
            "score": 0.727931072327035,
            "testScoreGibMean": 0.727931072327035,
            "testScoreMean": 0.727931072327035,
            "testScoreStd": 0.009899920181455274,
            "trainScoreMean": 0.8271379417922393,
            "trainScoreStd": 0.0018191729495303528,
            "time": 16994,
            "fitTimeMean": 1321.2,
            "fitTimeStd": 385.8162256826429,
            "scoreTimeMean": 2077.6,
            "scoreTimeStd": 401.4237661125709,
            "parameters": {
                "C": 0.04312567330563202,
                "penalty": "l1"
            }
        },
        {
            "finishedAt": 1641161172899,
            "score": 0.7331357317694316,
            "testScoreGibMean": 0.7331357317694316,
            "testScoreMean": 0.7331357317694316,
            "testScoreStd": 0.0176705345026336,
            "trainScoreMean": 0.851471586405852,
            "trainScoreStd": 0.002457563770565308,
            "time": 28798,
            "fitTimeMean": 4042.8,
            "fitTimeStd": 919.4044594192482,
            "scoreTimeMean": 1716.8,
            "scoreTimeStd": 429.0255936421509,
            "parameters": {
                "C": 0.12957048308573,
                "penalty": "l1"
            }
        },
        {
            "finishedAt": 1641161197412,
            "score": 0.7360202976915929,
            "testScoreGibMean": 0.7360202976915929,
            "testScoreMean": 0.7360202976915929,
            "testScoreStd": 0.017299305633020862,
            "trainScoreMean": 0.8953702482056134,
            "trainScoreStd": 0.0021435472800777422,
            "time": 71394,
            "fitTimeMean": 12855.4,
            "fitTimeStd": 1395.8949244122925,
            "scoreTimeMean": 1423.4,
            "scoreTimeStd": 301.61074251425464,
            "parameters": {
                "C": 0.6874918416894568,
                "penalty": "l1"
            }
        },
        {
            "finishedAt": 1641161199794,
            "score": 0.7332486911469847,
            "testScoreGibMean": 0.7332486911469847,
            "testScoreMean": 0.7332486911469847,
            "testScoreStd": 0.017556781518942324,
            "trainScoreMean": 0.8648212766726343,
            "trainScoreStd": 0.002615408114004271,
            "time": 32788,
            "fitTimeMean": 4977.4,
            "fitTimeStd": 973.1599251921547,
            "scoreTimeMean": 1580.2,
            "scoreTimeStd": 329.99539390724834,
            "parameters": {
                "C": 0.19231013028052318,
                "penalty": "l1"
            }
        },
        {
            "finishedAt": 1641161228287,
            "score": 0.7330067474684013,
            "testScoreGibMean": 0.7330067474684013,
            "testScoreMean": 0.7330067474684013,
            "testScoreStd": 0.016121044649184447,
            "trainScoreMean": 0.8464426605355749,
            "trainScoreStd": 0.0023280683138465477,
            "time": 25632,
            "fitTimeMean": 3393.2,
            "fitTimeStd": 610.4022935736726,
            "scoreTimeMean": 1733.2,
            "scoreTimeStd": 466.53034199288686,
            "parameters": {
                "C": 0.11162762950112586,
                "penalty": "l1"
            }
        },
        {
            "finishedAt": 1641161237293,
            "score": 0.7347391942387022,
            "testScoreGibMean": 0.7347391942387022,
            "testScoreMean": 0.7347391942387022,
            "testScoreStd": 0.017399639086932244,
            "trainScoreMean": 0.9025846862683148,
            "trainScoreStd": 0.001666620238438544,
            "time": 99001,
            "fitTimeMean": 18413.0,
            "fitTimeStd": 2002.24274252649,
            "scoreTimeMean": 1387.2,
            "scoreTimeStd": 50.77952343218672,
            "parameters": {
                "C": 1.184598783704618,
                "penalty": "l1"
            }
        },
        {
            "finishedAt": 1641161703696,
            "score": 0.7213590971748947,
            "testScoreGibMean": 0.7213590971748947,
            "testScoreMean": 0.7213590971748947,
            "testScoreStd": 0.008128888627978814,
            "trainScoreMean": 0.8181695262012786,
            "trainScoreStd": 0.0018750223257696175,
            "time": 11390,
            "fitTimeMean": 1084.2,
            "fitTimeStd": 42.48952812164428,
            "scoreTimeMean": 1193.8,
            "scoreTimeStd": 129.7095216242817,
            "parameters": {
                "C": 0.028913249690739662,
                "penalty": "l1"
            }
        },
        {
            "finishedAt": 1641161744702,
            "score": 0.7359901576060826,
            "testScoreGibMean": 0.7359901576060826,
            "testScoreMean": 0.7359901576060826,
            "testScoreStd": 0.016369449588612896,
            "trainScoreMean": 0.882050373554835,
            "trainScoreStd": 0.0024507706725691246,
            "time": 49008,
            "fitTimeMean": 8619.6,
            "fitTimeStd": 1281.191102060891,
            "scoreTimeMean": 1182.0,
            "scoreTimeStd": 72.93833011524188,
            "parameters": {
                "C": 0.350832868632624,
                "penalty": "l1"
            }
        },
        {
            "finishedAt": 1641161746012,
            "score": 0.733725571082508,
            "testScoreGibMean": 0.733725571082508,
            "testScoreMean": 0.733725571082508,
            "testScoreStd": 0.004632370402192697,
            "trainScoreMean": 0.9146719091610782,
            "trainScoreStd": 0.001123592709007578,
            "time": 648104,
            "fitTimeMean": 128444.6,
            "fitTimeStd": 14788.64319131407,
            "scoreTimeMean": 1176.2,
            "scoreTimeStd": 132.95472913740224,
            "parameters": {
                "C": 8.536074774230183,
                "penalty": "l1"
            }
        },
        {
            "finishedAt": 1641161767393,
            "score": 0.7207978794692638,
            "testScoreGibMean": 0.7207978794692638,
            "testScoreMean": 0.7207978794692638,
            "testScoreStd": 0.0112946813774262,
            "trainScoreMean": 0.9168113858263521,
            "trainScoreStd": 0.0010546993546179024,
            "time": 1370088,
            "fitTimeMean": 272780.8,
            "fitTimeStd": 40023.33957780135,
            "scoreTimeMean": 1236.8,
            "scoreTimeStd": 120.78642307809268,
            "parameters": {
                "C": 80.23080310991743,
                "penalty": "l1"
            }
        },
        {
            "finishedAt": 1641161801514,
            "score": 0.723410338117444,
            "testScoreGibMean": 0.723410338117444,
            "testScoreMean": 0.723410338117444,
            "testScoreStd": 0.008372590913823029,
            "trainScoreMean": 0.8204870687930633,
            "trainScoreStd": 0.0019340103264970173,
            "time": 12504,
            "fitTimeMean": 1174.8,
            "fitTimeStd": 119.32040898354313,
            "scoreTimeMean": 1326.0,
            "scoreTimeStd": 156.54009071161292,