{
    "columns": [
        "RL.EST",
        "CC.EST",
        "year",
        "removal of politician",
        "social restrictions",
        "VA.EST",
        "price increases, tax policy",
        "PV.NO.SRC",
        "police brutality",
        "GE.EST",
        "labor wage dispute",
        "participants_category",
        "duration_int",
        "ccode",
        "political behavior, process",
        "protesterviolence",
        "protestnumber",
        "land farm issue"
    ],
    "shifts": [
        -0.1482239320077762,
        -0.2056119497682776,
        2013.3626850052324,
        0.15503064733143967,
        0.05187621468081926,
        -0.11577899950665049,
        0.09239049185229481,
        7.603079683061743,
        0.08521453132007774,
        -0.05143504012557862,
        0.1324562714905068,
        3.6667663327851696,
        2.983405591269248,
        451.3632830019435,
        0.7144565704888624,
        0.26207205860367766,
        10.310659291373897,
        0.04783973688144715
    ],
    "inv_scales": [
        1.0204955435897574,
        1.0435055811422664,
        0.2531541177941955,
        2.762728929795399,
        4.508695170250776,
        1.0838217432899748,
        3.4530619999987477,
        0.7759025830476459,
        3.5813855396805496,
        1.0635000289457448,
        2.9497525413456565,
        0.5818300955561839,
        0.0457711815106563,
        0.004343403854601869,
        2.213826242900824,
        2.273789185776992,
        0.0671299747502175,
        4.685091926076428
    ]
}