{
    "startedAt": 1641161153028,
    "gridSize": 24,
    "nThreads": 4,
    "nSplits": 5,
    "metric": "ROC_AUC",
    "timeout": null,
    "gridPoints": [
        {
            "finishedAt": 1641161218647,
            "score": 0.7570135911363652,
            "testScoreGibMean": 0.7570135911363652,
            "testScoreMean": 0.7570135911363652,
            "testScoreStd": 0.007612769670904706,
            "trainScoreMean": 0.9727757126364277,
            "trainScoreStd": 0.0005603175204206701,
            "time": 167524,
            "fitTimeMean": 29561.8,
            "fitTimeStd": 1840.481719550618,
            "scoreTimeMean": 3943.0,
            "scoreTimeStd": 1741.162140640555,
            "parameters": {
                "max_depth": 13,
                "max_features": 0.4363178483784972,
                "min_samples_leaf": 9,
                "n_estimators": 119,
                "min_samples_split": 27
            }
        },
        {
            "finishedAt": 1641161257055,
            "score": 0.7402121268680665,
            "testScoreGibMean": 0.7402121268680665,
            "testScoreMean": 0.7402121268680665,
            "testScoreStd": 0.01675521168040396,
            "trainScoreMean": 0.9529846138423627,
            "trainScoreStd": 0.0009165172020191877,
            "time": 177362,
            "fitTimeMean": 28039.0,
            "fitTimeStd": 2569.460098931291,
            "scoreTimeMean": 7433.4,
            "scoreTimeStd": 1428.560338242666,
            "parameters": {
                "max_depth": 15,
                "max_features": 0.37559013232873995,
                "min_samples_leaf": 19,
                "n_estimators": 162,
                "min_samples_split": 57
            }
        },
        {
            "finishedAt": 1641161295249,
            "score": 0.7504421120557011,
            "testScoreGibMean": 0.7504421120557011,
            "testScoreMean": 0.7504421120557011,
            "testScoreStd": 0.01504519806507033,
            "trainScoreMean": 0.9632152354803808,
            "trainScoreStd": 0.0005873143727682748,
            "time": 173702,
            "fitTimeMean": 26096.0,
            "fitTimeStd": 3022.805981203557,
            "scoreTimeMean": 8644.4,
            "scoreTimeStd": 2443.8738592652444,
            "parameters": {
                "max_depth": 10,
                "max_features": 0.45526782093320606,
                "min_samples_leaf": 7,
                "n_estimators": 134,
                "min_samples_split": 21
            }
        },
        {
            "finishedAt": 1641161335347,
            "score": 0.7338261678358176,
            "testScoreGibMean": 0.7338261678358176,
            "testScoreMean": 0.7338261678358176,
            "testScoreStd": 0.010439588988585448,
            "trainScoreMean": 0.9976847462597853,
            "trainScoreStd": 6.275425670753152e-05,
            "time": 188912,
            "fitTimeMean": 28520.6,
            "fitTimeStd": 3515.184012253128,
            "scoreTimeMean": 9261.8,
            "scoreTimeStd": 2588.8693593922426,
            "parameters": {
                "max_depth": 16,
                "max_features": 0.5396887316142894,
                "min_samples_leaf": 2,
                "n_estimators": 107,
                "min_samples_split": 6
            }
        },
        {
            "finishedAt": 1641161358654,
            "score": 0.7482205782702378,
            "testScoreGibMean": 0.7482205782702378,
            "testScoreMean": 0.7482205782702378,
            "testScoreStd": 0.012326329711434818,
            "trainScoreMean": 0.9557720617834166,
            "trainScoreStd": 0.0011425190286349061,
            "time": 88594,
            "fitTimeMean": 8719.2,
            "fitTimeStd": 1412.8263021334224,
            "scoreTimeMean": 8999.6,
            "scoreTimeStd": 927.6470449475921,
            "parameters": {
                "max_depth": 19,
                "max_features": 0.15708867592439582,
                "min_samples_leaf": 19,
                "n_estimators": 146,
                "min_samples_split": 57
            }
        },
        {
            "finishedAt": 1641161463745,
            "score": 0.7486716514361749,
            "testScoreGibMean": 0.7486716514361749,
            "testScoreMean": 0.7486716514361749,
            "testScoreStd": 0.0177643683803872,
            "trainScoreMean": 0.9968597613994291,
            "trainScoreStd": 0.00020207883895006064,
            "time": 319404,
            "fitTimeMean": 51577.8,
            "fitTimeStd": 6025.829815054521,
            "scoreTimeMean": 12303.0,
            "scoreTimeStd": 2105.837695550158,
            "parameters": {
                "max_depth": 15,
                "max_features": 0.6901291630861847,
                "min_samples_leaf": 2,
                "n_estimators": 140,
                "min_samples_split": 6
            }
        },
        {
            "finishedAt": 1641161520451,
            "score": 0.7508862961558964,
            "testScoreGibMean": 0.7508862961558964,
            "testScoreMean": 0.7508862961558964,
            "testScoreStd": 0.019154869616151846,
            "trainScoreMean": 0.9517545249475969,
            "trainScoreStd": 0.0008018738780644766,
            "time": 270213,
            "fitTimeMean": 42478.2,
            "fitTimeStd": 3729.937071855234,
            "scoreTimeMean": 11564.4,
            "scoreTimeStd": 2084.303106556242,
            "parameters": {
                "max_depth": 13,
                "max_features": 0.5739371275638874,
                "min_samples_leaf": 18,
                "n_estimators": 191,
                "min_samples_split": 54
            }
        },
        {
            "finishedAt": 1641161542843,
            "score": 0.745821961567411,
            "testScoreGibMean": 0.745821961567411,
            "testScoreMean": 0.745821961567411,
            "testScoreStd": 0.019429452684446534,
            "trainScoreMean": 0.9925611962480521,
            "trainScoreStd": 0.0002474436579130356,
            "time": 136597,
            "fitTimeMean": 18996.2,
            "fitTimeStd": 2689.8266412540415,
            "scoreTimeMean": 8323.2,
            "scoreTimeStd": 1195.6270990572268,
            "parameters": {
                "max_depth": 17,
                "max_features": 0.3496623637425988,
                "min_samples_leaf": 4,
                "n_estimators": 100,
                "min_samples_split": 12
            }
        },
        {
            "finishedAt": 1641161591044,
            "score": 0.7419718421016053,
            "testScoreGibMean": 0.7419718421016053,
            "testScoreMean": 0.7419718421016053,
            "testScoreStd": 0.018927303137845203,
            "trainScoreMean": 0.9777815302538637,
            "trainScoreStd": 0.00010872668012378951,
            "time": 177581,
            "fitTimeMean": 23315.2,
            "fitTimeStd": 2082.62684127522,
            "scoreTimeMean": 12201.0,
            "scoreTimeStd": 1581.2412845609617,
            "parameters": {
                "max_depth": 14,
                "max_features": 0.32197125936064896,
                "min_samples_leaf": 8,
                "n_estimators": 171,
                "min_samples_split": 24
            }
        },
        {
            "finishedAt": 1641161646654,
            "score": 0.7455159778980213,
            "testScoreGibMean": 0.7455159778980213,
            "testScoreMean": 0.7455159778980213,
            "testScoreStd": 0.01053419287942526,
            "trainScoreMean": 0.9971076779623589,
            "trainScoreStd": 0.00017636852745531552,
            "time": 194429,
            "fitTimeMean": 26196.8,
            "fitTimeStd": 1768.4390178912022,
            "scoreTimeMean": 12689.0,
            "scoreTimeStd": 1156.9328416118199,
            "parameters": {
                "max_depth": 15,
                "max_features": 0.34301252886495703,
                "min_samples_leaf": 2,